owner,source,test_procedure,local_runs,local_cases,local_seconds,stress_cases,stress_seconds
retained-messages,message_store_test.odin,test_hegel_active_retained_history_matches_sequence_model,1,30,0.241,120,0.850
parser-query-equivalence,asset_query_handlers_test.odin,test_hegel_asset_create_update_parser_direct_semantic_equivalence,2,96,0.225,384,0.887
parser-query-equivalence,asset_query_handlers_test.odin,test_hegel_asset_delete_cascade_parser_direct_semantic_equivalence,1,48,0.102,192,0.477
parser-query-equivalence,edge_equivalence_simulation_test.odin,test_hegel_edge_create_delete_parser_direct_semantic_equivalence,1,64,0.135,256,0.573
compaction-publication-kernel,integrated_persistence_fault_simulation_test.odin,test_hegel_fine_grained_publication_crashes_recover_later_generation_authority,1,24,0.111,96,0.568
compaction-publication-kernel,integrated_persistence_fault_simulation_test.odin,test_hegel_generated_compaction_kernel_histories,1,48,0.124,192,0.621
dm-authorization,dm_authorization_simulation_test.odin,test_hegel_generated_dm_authorization_and_workspace_isolation,1,96,0.071,384,0.267
dm-authorization,dm_authorization_simulation_test.odin,test_hegel_generated_dm_kernel_event_orderings,1,96,0.053,384,0.189
dm-authorization,dm_authorization_simulation_test.odin,test_hegel_generated_dm_pending_histories,1,96,0.061,384,0.228
dm-authorization,dm_authorization_simulation_test.odin,test_hegel_generated_dm_pending_lifecycle_histories,1,96,0.060,384,0.235
dm-authorization,dm_authorization_simulation_test.odin,test_hegel_generated_dm_pending_lifecycle_orderings,1,96,0.062,384,0.239
dm-authorization,dm_authorization_simulation_test.odin,test_hegel_generated_dm_pending_semantic_orderings,1,96,0.060,384,0.218
connection-event-ownership,connection_test.odin,test_hegel_generated_graceful_close_lifetime_orderings,1,36,0.011,36,0.010
connection-event-ownership,connection_test.odin,test_hegel_generated_pending_callback_error_interleavings_match_pool_model,1,200,0.133,800,0.542
connection-event-ownership,connection_test.odin,test_hegel_generated_pending_callback_interleavings_match_pool_model,1,300,0.201,1200,0.728
connection-event-ownership,send_queue_test.odin,test_hegel_generated_process_send_queue_batch_lifetime_orderings,1,120,0.037,162,0.045
connection-event-ownership,send_queue_test.odin,test_hegel_generated_process_send_queue_error_lifetimes,1,120,0.037,450,0.126
durability-semantic-recovery,integrated_persistence_fault_simulation_test.odin,test_hegel_generated_semantic_histories_recover_exact_durable_prefix,1,64,0.066,256,0.212
connection-event-ownership,connection_test.odin,test_hegel_generated_stale_callback_buffer_ownership_is_released_once,1,500,0.891,2000,3.686
connection-event-ownership,connection_test.odin,test_hegel_generated_stale_callback_completions_do_not_target_reused_sockets,1,500,0.495,2000,2.460
connection-event-ownership,connection_test.odin,test_hegel_generated_stale_recv_parser_state_lifetimes,1,24,0.009,24,0.008
connection-event-ownership,worker_lifetime_integration_test.odin,test_hegel_generated_threaded_worker_handoff_lifetime_orderings,1,40,0.081,160,0.260
durability-semantic-recovery,integrated_handler_simulation_test.odin,test_hegel_generated_transactional_shard_state_matches_replay,1,24,0.248,96,1.017
global-two-worker,multi_worker_simulation_test.odin,test_hegel_generated_two_worker_global_event_schedules,1,96,5.368,384,20.052
global-one-worker-semantic,semantic_transport_persistence_simulation_test.odin,test_hegel_global_dependent_compaction_histories,1,24,0.025,96,0.104
connection-event-ownership,global_event_interleaving_simulation_test.odin,test_hegel_global_event_interleaving_campaign,1,170,0.091,170,0.093
global-one-worker-semantic,semantic_transport_persistence_simulation_test.odin,test_hegel_global_segmented_deferred_interleavings,1,24,0.043,96,0.189
global-one-worker-semantic,semantic_transport_persistence_simulation_test.odin,test_hegel_global_semantic_compaction_interleavings,1,24,0.023,96,0.091
parser-query-equivalence,graph_degree_common_equivalence_simulation_test.odin,test_hegel_graph_common_neighbors_parser_direct_semantic_equivalence,1,96,0.060,384,0.262
parser-query-equivalence,graph_degree_common_equivalence_simulation_test.odin,test_hegel_graph_degree_parser_direct_semantic_equivalence,1,96,0.058,384,0.245
parser-query-equivalence,graph_query_equivalence_simulation_test.odin,test_hegel_graph_query_parser_direct_semantic_equivalence,1,96,0.071,384,0.252
parser-query-equivalence,graph_shortest_path_equivalence_simulation_test.odin,test_hegel_graph_shortest_path_parser_direct_semantic_equivalence,1,128,0.084,512,0.343
parser-query-equivalence,websocket_handler_test.odin,test_hegel_live_recv_parser_state_cleanup,1,9,0.003,9,0.003
parser-query-equivalence,lifecycle_malformed_simulation_test.odin,test_hegel_malformed_lifecycle_state_nonmutation_and_connection_usability,1,72,0.072,288,0.345
durability-semantic-recovery,integrated_persistence_fault_simulation_test.odin,test_hegel_mixed_semantic_history_recovers_exact_durable_prefix,1,96,0.044,384,0.177
focused-models-codecs-fanout,note_index_test.odin,test_hegel_note_indexes_match_stateful_models,1,500,0.160,2000,0.690
parser-query-equivalence,note_paging_equivalence_simulation_test.odin,test_hegel_note_paging_parser_direct_semantic_equivalence,1,48,0.029,192,0.116
parser-query-equivalence,websocket_handler_test.odin,test_hegel_parse_http_upgrade_decision_service_auth_invariants,1,5000,0.069,20000,0.329
focused-models-codecs-fanout,room_mapping_test.odin,test_hegel_room_mapping_generated_ids_are_stable_and_unreserved,1,100,0.001,400,0.002
focused-models-codecs-fanout,room_mapping_test.odin,test_hegel_room_mapping_normalize_idempotent,1,100,0.000,400,0.001
retained-messages,message_store_test.odin,test_hegel_sealed_retained_history_matches_sequence_model,1,50,0.528,200,2.193
global-one-worker-semantic,semantic_transport_persistence_simulation_test.odin,test_hegel_semantic_dependent_cascade_histories,1,32,0.014,128,0.059
global-one-worker-semantic,semantic_transport_persistence_simulation_test.odin,test_hegel_semantic_dependent_delete_recreate_histories,1,32,0.014,128,0.055
global-one-worker-semantic,semantic_transport_persistence_simulation_test.odin,test_hegel_semantic_dependent_prefix_histories,1,32,0.023,128,0.088
global-one-worker-semantic,semantic_handler_graph_swarm_simulation_test.odin,test_hegel_semantic_handler_graph_swarm,1,24,0.040,96,0.165
global-one-worker-semantic,semantic_transport_persistence_simulation_test.odin,test_hegel_semantic_multihop_shortest_path_durable_histories,1,24,0.017,96,0.076
global-one-worker-semantic,semantic_transport_persistence_simulation_test.odin,test_hegel_semantic_stale_generation_storage_interleavings,1,32,0.014,128,0.058
global-one-worker-semantic,semantic_transport_persistence_simulation_test.odin,test_hegel_semantic_transport_persistence_dependent_update_interleavings,1,64,1.059,256,4.506
global-one-worker-semantic,semantic_transport_persistence_simulation_test.odin,test_hegel_semantic_transport_persistence_interleavings,1,64,1.069,256,4.446
connection-event-ownership,connection_test.odin,test_hegel_send_watchdog_dense_index_matches_model,1,200,0.104,800,0.399
compaction-publication-kernel,shard_compaction_test.odin,test_hegel_shard_compaction_manifest_roundtrip,1,300,0.003,1200,0.011
compaction-publication-kernel,shard_compaction_queue_simulation_test.odin,test_hegel_shard_compaction_queue_ownership_transfer,1,16,0.931,16,0.966
compaction-publication-kernel,shard_compaction_test.odin,test_hegel_shard_compaction_repeated_publication_history,1,48,2.229,192,9.642
durability-semantic-recovery,shard_fsync_interleaving_simulation_test.odin,test_hegel_shard_fsync_completion_interleavings,1,32,0.517,32,0.627
focused-models-codecs-fanout,shard_transaction_validation_test.odin,test_hegel_shard_semantic_validation,2,800,0.012,3200,0.020
focused-models-codecs-fanout,shard_transaction_test.odin,test_hegel_shard_transaction_codec,2,700,0.003,2800,0.013
durability-semantic-recovery,shard_runtime_writer_test.odin,test_hegel_sharded_startup_recovers_exact_durable_prefix_across_write_and_fsync_crashes,1,160,0.345,612,1.283
focused-models-codecs-fanout,simulation_helpers_test.odin,test_hegel_simulation_delayed_send_completion_lifetime_choices,1,6,0.004,6,0.003
focused-models-codecs-fanout,simulation_helpers_test.odin,test_hegel_simulation_generated_message_fanout_matches_model,1,200,0.340,800,1.408
focused-models-codecs-fanout,subscriptions_shared_buffer_test.odin,test_hegel_subscriber_indexes_match_set_model_after_random_mutations,1,200,0.060,800,0.224
parser-query-equivalence,task_handlers_test.odin,test_hegel_task_create_parser_direct_semantic_equivalence,1,32,0.071,128,0.295
parser-query-equivalence,task_handlers_test.odin,test_hegel_task_move_delete_parser_direct_semantic_equivalence,1,48,0.101,192,0.445
parser-query-equivalence,task_paging_equivalence_simulation_test.odin,test_hegel_task_paging_parser_direct_semantic_equivalence,1,64,0.036,256,0.155
focused-models-codecs-fanout,task_persistence_test.odin,test_hegel_task_persistence_codec_properties,7,1967,0.010,7367,0.037
parser-query-equivalence,task_handlers_test.odin,test_hegel_task_update_parser_direct_semantic_equivalence,1,48,0.096,192,0.481
parser-query-equivalence,websocket_handler_test.odin,test_hegel_websocket_handler_policy_classification,1,300,0.090,1200,0.369
parser-query-equivalence,websocket_handler_test.odin,test_hegel_websocket_receive_segmentation_equivalence,1,240,0.132,960,0.554
